{"cameraMode":{"drawMode":0,"name":"Shaded","section":"Shading Mode"},"sceneLighting":false,"audioPlay":false,"sceneViewState":{"m_AlwaysRefresh":false,"showFog":true,"showSkybox":false,"showFlares":true,"showImageEffects":true,"showParticleSystems":true,"showVisualEffectGraphs":true,"m_FxEnabled":true},"in2DMode":false,"pivot":{"x":-20.424341201782228,"y":0.5699481964111328,"z":6.283395767211914},"rotation":{"x":-0.013210250064730645,"y":0.007479443214833736,"z":-0.0000759867689339444,"w":-0.9999170303344727},"size":2.4073948860168459,"orthographic":false}