{"cameraMode":{"drawMode":0,"name":"Shaded","section":"Shading Mode"},"sceneLighting":true,"audioPlay":false,"sceneViewState":{"m_AlwaysRefresh":false,"showFog":true,"showSkybox":true,"showFlares":true,"showImageEffects":true,"showParticleSystems":true,"showVisualEffectGraphs":true,"m_FxEnabled":true},"in2DMode":false,"pivot":{"x":-17.077436447143556,"y":-5.377785682678223,"z":19.848554611206056},"rotation":{"x":-0.272817462682724,"y":-0.004647699184715748,"z":0.001310206251218915,"w":-0.9621007442474365},"size":14.03847885131836,"orthographic":false}