{"cameraMode":{"drawMode":0,"name":"Shaded","section":"Shading Mode"},"sceneLighting":true,"audioPlay":false,"sceneViewState":{"m_AlwaysRefresh":false,"showFog":true,"showSkybox":true,"showFlares":true,"showImageEffects":true,"showParticleSystems":true,"showVisualEffectGraphs":true,"m_FxEnabled":true},"in2DMode":false,"pivot":{"x":1203.6368408203125,"y":450.14007568359377,"z":1066.029052734375},"rotation":{"x":0.014689494855701924,"y":0.0011698253219947219,"z":0.000005669910024153069,"w":-0.9999343156814575},"size":1059.8477783203125,"orthographic":false}