{"cameraMode":{"drawMode":0,"name":"Shaded","section":"Shading Mode"},"sceneLighting":true,"audioPlay":false,"sceneViewState":{"m_AlwaysRefresh":false,"showFog":true,"showSkybox":true,"showFlares":true,"showImageEffects":true,"showParticleSystems":true,"showVisualEffectGraphs":true,"m_FxEnabled":true},"in2DMode":false,"pivot":{"x":1711.3807373046875,"y":356.8115539550781,"z":-48.503517150878909},"rotation":{"x":0.14238177239894868,"y":-0.08455023914575577,"z":-0.012217332608997822,"w":-0.9861648678779602},"size":255.1587371826172,"orthographic":false}