{"cameraMode":{"drawMode":0,"name":"Shaded","section":"Shading Mode"},"sceneLighting":true,"audioPlay":false,"sceneViewState":{"m_AlwaysRefresh":false,"showFog":true,"showSkybox":true,"showFlares":true,"showImageEffects":true,"showParticleSystems":true,"showVisualEffectGraphs":true,"m_FxEnabled":true},"in2DMode":false,"pivot":{"x":1.5304696559906006,"y":-17.310455322265626,"z":3.5869503021240236},"rotation":{"x":-0.6011818647384644,"y":0.02489478699862957,"z":-0.01875307410955429,"w":-0.7985614538192749},"size":38.636226654052737,"orthographic":false}